{
  "home": [
    0.09174486915388691,
    -0.13561455710688897,
    0.004768444342717615,
    0.02193484397650458,
    -0.06694895857175531,
    0.000953688868543523,
    0.9983369486623289
  ],
  "scan_pos": [
    0.08030060273136463,
    -0.13561455710688897,
    0.005149919890135024,
    0.0226977950713394,
    -0.06580453192950309,
    -0.0005722133211261138,
    0.9983369486623289
  ],
  "pre_grasp_a": [
    0.051308461127641536,
    0.8188372625314724,
    0.6845578698405426,
    0.18863965819790884,
    -0.04901960784313708,
    -0.052071412222476354,
    0.9983369486623289
  ],
  "grasp_a": [
    0.06923781185625977,
    1.1430914778362702,
    0.9649423971923401,
    0.3728923476005175,
    -0.029182879377431803,
    0.07648584725719054,
    0.9983369486623289
  ],
  "lift": [
    0.10280766002899178,
    1.2243457694361783,
    1.6367208361943995,
    1.2056534676127253,
    -0.08602273594262577,
    -0.10013733119706991,
    0.9983369486623289
  ],
  "pre_place_b": [
    0.8531700617990392,
    1.3941023880369272,
    1.636339360646982,
    1.3361181048294792,
    -0.10051880674448732,
    -0.3583962767986577,
    0.9983369486623289
  ],
  "place_b": [
    0.9031433585107198,
    1.5112153810940718,
    1.5299076829175249,
    1.130884260318913,
    -0.11158159761959219,
    -0.051308461127641536,
    0.9983369486623289
  ],
  "pre_flip": [
    -0.017738612954909527,
    1.2602044708934166,
    1.139276722362096,
    0.6601434348058266,
    0.037575341420614805,
    0.07953765163652626,
    0.34864104967197757
  ],
  "flip_end": [
    0.08525978484779095,
    2.0582513160906384,
    2.6712825207904167,
    -0.5045014114595254,
    -0.05550469214923304,
    0.052452887769897316,
    0.19436233869223554
  ]
}